Company,Revenue EUR Mil,Earnings Per Share EUR,Dividends EUR,Shares Mil,Operating Cash Flow EUR Mil,Working Capital EUR Mil,Return on Equity perc,Return on Assets perc,Interest Coverage,Cap Ex as a perc of Sales,Total Stockholders' Equity,Days Sales Outstanding,Payables Period,Inventory Turnover,Fixed Assets Turnover,Current Ratio,Debt/Equity,R&D,Price
ASR,251.0,-0.06,0,404.0,-37.0,-90.0,,-5.59,0.2,58.81,-22.0,133.51,1743.33,25.28,103.32,0.6,,,0.504
A2A,5796.0,0.09,0.05,3109.0,866.0,497.0,10.47,2.88,6.1,7.83,29.33,109.95,137.09,24.06,1.2,1.21,1.22,,1.495
ABT,1.0,1.0,0,3.0,-29.0,80.0,9.79,4.19,10.49,677.87,42.54,70.68,244.79,0.11,0.3,10.14,0.65,,41.0
ACE,2725.0,0.85,0.62,213.0,440.0,4.0,10.66,2.54,4.52,18.86,23.71,142.0,261.72,49.18,1.22,1.0,3.2,,13.34
ACO,17.0,-1.59,0,4.0,-1.0,4.0,-95.21,-31.12,-96.83,6.8,20.84,71.68,2041.69,1.12,4.71,1.59,,,3.37
ACS,199.0,0.13,0.05,77.0,27.0,12.0,5.77,1.73,15.93,7.87,31.13,146.05,111.38,34.67,2.51,1.11,0.35,,2.36
ADS,21915.0,8.42,0,202.0,2646.0,2979.0,26.54,11.3,57.61,3.23,40.81,39.42,73.94,2.95,10.34,1.44,0.27,,270.600006
AMD,,,0,1064.0,,,35.91,8.33,3.73,2.52,27.79,46.08,41.32,5.09,21.26,1.78,0.88,22.15,26.1
AEF,313.0,0.11,0,101.0,17.0,50.0,8.15,3.02,,1.23,41.28,48.32,244.72,1.04,5.19,1.34,0.15,,2.58
AGN,20962.0,0.29,0.28,2607.0,517.0,,2.56,0.15,2.48,0.59,5.74,,,,,,0.6,,4.179
ADB,98.0,0.44,0.28,36.0,25.0,3.0,9.48,6.13,34.36,13.0,65.98,49.59,82.77,132.99,7.34,1.06,0.11,,15.26
AGA,7.0,-0.04,0,,,2.0,36.66,8.65,,11.43,35.6,107.85,143.84,38.03,0.63,1.22,0.85,,0.24
AGS,11901.0,3.09,2.1,202.0,-726.0,,6.5,0.6,13.25,0.85,9.35,,,,10.1,,0.32,,43.130001
AD,62791.0,1.49,0.63,1203.0,4323.0,-1179.0,11.96,5.34,7.53,,44.45,5.88,44.16,14.61,5.75,0.88,0.34,,22.190001000000002
AI,21011.0,4.47,2.41,473.0,4716.0,-666.0,12.39,5.09,9.77,10.7,42.79,46.91,113.8,5.92,1.11,0.91,0.66,,111.726997
AIR,63707.0,3.92,1.5,781.0,2318.0,-2140.0,26.47,2.67,10.74,3.59,8.44,41.35,98.63,1.73,3.82,0.96,0.77,5.05,121.480003
ARN,52.0,0.12,0.04,43.0,31.0,9.0,4.55,1.36,1.61,1.01,31.09,20.86,1187.84,,0.26,1.15,1.41,,3.0
ABTG,9.0,0.08,0,,1.0,2.0,13.04,9.19,7.14,23.15,77.2,40.19,25.54,,2.58,2.65,0.05,,4.39
ALK,45.0,0.26,0,5.0,2.0,28.0,5.27,2.86,30.92,6.55,60.96,130.5,121.06,113.55,72.13,2.59,0.06,,11.76
ALV,102979.0,17.3,8.0,430.0,25672.0,,11.77,0.83,11.05,1.37,6.84,,,,10.66,,0.53,,210.44999700000002
GOOGL,,,0,703.0,,,18.62,14.29,307.25,19.46,76.3,52.25,23.03,64.17,2.68,3.92,0.02,15.65,1070.0
ATH,59.0,-0.03,0,88.0,-1.0,-7.0,-6.21,-2.61,-4.88,0.81,42.56,200.94,273.65,4173.52,3.15,0.84,,,0.374
AMB,4.0,0.08,0,2.0,1.0,1.0,7.12,4.46,12.47,0.06,67.23,66.06,81.04,,29.52,1.63,0.02,,3.86
AMGN,,,0,665.0,,,44.48,11.47,7.86,3.11,18.82,52.39,113.88,1.42,4.77,2.79,2.36,15.74,167.0
AMM,,,0,,,,,,,,,,,,,,,,
AMP,1362.0,0.45,0.11,224.0,181.0,-72.0,16.97,5.45,11.08,5.72,26.83,40.49,63.95,17.96,8.21,0.85,1.47,,20.559998999999998
ABI,,,0,2011.0,,,6.37,1.83,3.03,9.31,28.7,30.62,275.66,5.01,2.06,0.53,1.64,,73.91999799999999
ANIM,798.0,0.31,0.24,364.0,802.0,290.0,13.06,6.74,31.43,0.58,42.2,44.22,7.32,,338.15,2.27,1.08,,4.606
AV,60.0,0.16,0,58.0,3.0,43.0,36.31,14.94,77.05,0.73,41.23,144.98,101.1,2.02,14.48,4.29,0.18,,
AAPL,,,0,5000.0,,,49.36,16.07,23.5,5.01,29.3,28.21,116.95,37.17,7.07,1.12,0.87,5.36,174.179993
ECNL,549.0,0.55,0,45.0,50.0,131.0,20.88,5.25,5.29,7.11,26.35,23.12,113.48,1.9,3.64,1.77,1.28,,12.2
ABS,2.0,0.11,0,7.0,,2.0,43.44,21.46,140.85,3.73,49.39,53.8,78.89,2.82,11.21,3.76,0.27,,
ASC,582.0,0.2,0.18,223.0,69.0,-4.0,10.04,5.45,62.46,5.08,52.73,101.61,101.46,88.7,17.88,0.99,0.12,,3.78
EVA,2.0,-0.77,0,17.0,-7.0,-17.0,-92.69,-33.11,,,32.6,,61.05,1.04,0.42,0.33,,,
ASML,10944.0,6.08,1.4,426.0,3072.0,6740.0,23.23,13.52,,5.57,57.81,54.54,55.58,1.84,6.58,2.78,0.26,14.4,183.820007
ASSI,67.0,0.14,0.05,33.0,6.0,6.0,19.71,4.42,7.13,1.27,22.26,26.7,50.95,,32.89,1.1,0.6,,2.37
AST,2987.0,0.65,0.2,111.0,-101.0,881.0,10.95,1.59,2.92,1.33,14.64,200.26,265.9,34.24,14.3,1.37,2.15,,5.63
AT,1725.0,1.62,0.46,93.0,475.0,466.0,8.15,2.35,5.51,13.93,35.96,42.46,118.93,5.45,16.02,1.56,1.05,,19.84
ATL,6207.0,1.43,1.1,818.0,2390.0,3045.0,14.65,2.97,4.44,16.92,23.67,97.77,365.67,22.07,21.0,1.56,1.75,,25.15
AGL,5012.0,0.38,0.16,254.0,314.0,-431.0,14.87,4.03,7.09,5.55,28.21,6.56,46.68,29.12,5.64,0.54,0.82,,10.29
AUTME,93.0,4.88,1.0,4.0,13.0,171.0,13.46,4.56,5.92,0.59,35.34,71.79,558.33,34.07,25.21,1.59,,,30.4
AVIO,325.0,0.7,0,26.0,13.0,48.0,6.57,2.25,10.04,7.88,32.69,10.28,110.07,2.04,6.07,1.12,0.14,,13.49
AXA,100932.0,0.79,1.26,2389.0,7634.0,,2.84,0.21,3.72,0.46,6.79,,,,67.76,,0.99,,22.965
AZM,778.0,1.61,0.93,133.0,365.0,297.0,35.22,2.71,337.88,2.44,7.33,45.47,141.47,,101.54,2.45,0.6,,13.6512
BEC,40.0,0.57,0.4,11.0,4.0,22.0,31.4,16.74,239.47,1.29,41.38,86.78,77.71,2.21,13.37,2.58,0.59,,11.64
BFG,37.0,,0,86.0,-17.0,17.0,-0.09,-0.05,1.42,78.08,66.88,165.12,324.48,1.36,0.17,1.26,0.06,,2.5
BFF,205.0,0.56,0,170.0,156.0,,27.39,2.08,,1.46,8.18,,,,15.88,,2.9,,5.16
BGN,549.0,1.75,1.07,116.0,371.0,,29.53,2.35,,1.59,8.19,,,,46.23,,0.34,,22.280001000000002
IF,468.0,2.75,1.0,53.0,78.0,,10.4,1.55,,3.06,15.5,,,,3.64,,1.37,,14.71
BIM,16.0,-1.02,0,151.0,-212.0,,-112.95,-10.63,,2.12,6.21,,,,0.26,,0.19,,0.1385
BMED,2093.0,0.34,0.4,737.0,357.0,,11.98,0.56,,2.13,4.35,,,,19.01,,0.05,,6.475
BST,83.0,0.33,0.07,80.0,92.0,,22.13,1.28,,1.48,5.83,,,,3.45,,2.92,,2.09
B,56.0,0.03,0,110.0,13.0,-13.0,,1.87,1.52,4.51,0.43,57.14,349.24,0.23,0.73,0.93,93.44,,0.97
SANT,43713.0,0.45,0.22,16193.0,3416.0,,7.59,0.5,,27.9,6.66,,,,1.93,,,,3.91
BASF,62675.0,5.11,3.1,921.0,7939.0,19892.0,13.67,5.69,8.86,6.21,41.0,63.64,41.56,3.98,2.72,1.85,0.44,3.24,64.150002
BAN,156.0,0.39,0.06,54.0,22.0,49.0,20.02,9.24,27.43,3.48,47.95,150.65,143.84,2.01,5.25,1.53,0.2,,4.86
BAY,39586.0,1.8,2.75,941.0,7917.0,8110.0,4.1,1.68,2.44,6.55,36.46,94.13,113.12,2.08,3.85,1.36,0.82,13.25,64.779999
BB,,,0,55.0,,,-14.68,-14.02,,,93.45,,,,,,0.06,,56.650002
BBVA,23769.0,0.75,0.1,6668.0,8664.0,,10.72,0.73,,6.29,7.02,,,,3.38,,1.36,,4.855
CRGR,706.0,-0.03,0,9633.0,-5.0,,-12.78,-1.03,,3.91,8.09,,,,1.12,,2.78,,
BFE,106.0,0.11,0.01,334.0,29.0,,16.52,2.0,,0.38,12.56,,,,20.49,,0.1,,0.375
BMPS,3568.0,0.25,0,1104.0,-3182.0,,2.87,0.21,,3.4,6.89,,,,1.63,,1.91,,1.3615
BPSO,1002.0,0.35,0.06,453.0,4034.0,,6.05,0.4,,4.62,6.45,,,,3.84,,1.23,,3.286
PRO,64.0,0.01,0,668.0,32.0,,3.3,0.3,,2.69,9.68,,,,1.28,,0.12,,0.2005
BDBR,460.0,0.33,0.1,130.0,776.0,,4.87,0.33,,2.07,6.65,,,,2.56,,1.87,,2.09
BDB,460.0,0.33,0.08,130.0,776.0,,4.87,0.33,,2.07,6.65,,,,2.56,,1.87,,2.13
BSRP,375.0,0.01,0.53,51.0,37.0,,0.05,0.01,,2.29,9.65,,,,1.65,,0.78,,6.52
BET,130.0,0.03,0.01,135.0,4.0,2.0,8.67,3.2,9.83,1.63,38.47,67.76,95.33,1711.93,66.78,1.03,0.23,,0.91
BE,178.0,0.01,0.02,199.0,11.0,54.0,3.31,1.17,2.95,2.64,35.84,76.45,169.59,1.77,2.47,1.6,0.64,,0.346
BEI,7233.0,3.21,0.7,227.0,868.0,2220.0,13.57,8.53,117.44,4.95,63.56,68.63,176.51,3.36,6.39,1.94,,2.92,104.0
BIA,177.0,-0.04,0,125.0,6.0,-37.0,-45.44,-3.1,0.1,6.73,5.29,104.43,179.58,1.79,5.88,0.74,0.66,,0.340167
BCM,92.0,,0,33.0,7.0,-195.0,,-7.59,-17.48,1.74,-44.44,357.97,426.91,67.04,0.84,0.37,,,0.1618
BSS,690.0,1.56,0.36,27.0,83.0,31.0,24.54,8.23,45.01,5.19,34.26,65.62,246.4,2.25,8.0,1.09,0.11,,35.279999
ON,10.0,0.24,0,22.0,-1.0,55.0,16.91,12.05,495.96,55.82,68.75,457.17,272.89,,2.97,10.71,0.31,,45.0
BIE,46.0,-1.4,0,4.0,-2.0,-6.0,-53.18,-13.68,-25.61,1.69,20.41,77.57,101.38,8.14,11.18,0.75,0.43,,1.62
BLUE,3.0,0.01,0,3.0,,1.0,1.82,1.07,3.64,17.76,52.53,112.75,79.44,,75.22,1.5,,,1.07
BMW,97480.0,10.6,4.0,658.0,5051.0,12629.0,12.75,3.54,26.43,7.98,27.61,120.02,44.86,6.13,1.72,1.18,1.04,,68.620003
BNP,51944.0,5.73,3.02,1248.0,-518.0,,7.04,0.36,,3.52,4.98,,,,2.07,,2.27,,42.639998999999996
BO,1.0,-0.09,0,10.0,11.0,,-5.75,-2.12,-0.92,,86.25,336.59,292.15,,,0.71,,,0.596
BOR,1.0,-0.09,0,10.0,11.0,,-5.75,-2.12,-0.92,,86.25,336.59,292.15,,,0.71,,,1.47
BPE,2092.0,0.36,0.06,481.0,297.0,,3.55,0.26,,4.41,7.16,,,,2.06,,1.96,,4.13
BRE,2646.0,0.73,0.22,325.0,448.0,142.0,21.32,9.87,21.04,10.88,47.94,54.02,152.93,3.79,2.68,1.14,0.17,,9.97
BRI,27.0,-0.01,0,788.0,9.0,3.0,-9.17,-2.37,-7.95,5.43,25.25,33.29,791.77,0.16,4.44,1.03,1.6,,0.07
BC,506.0,0.75,0.16,68.0,86.0,149.0,21.39,11.62,44.3,5.43,58.09,33.35,73.92,2.07,4.45,2.12,0.18,,30.049999
BZU,2806.0,1.77,0.1,220.0,371.0,924.0,13.94,6.76,5.69,6.55,49.26,50.81,83.69,2.65,0.9,2.12,0.39,,19.01
BZUR,2806.0,1.77,0.1,220.0,371.0,924.0,13.94,6.76,5.69,6.55,49.26,50.81,83.69,2.65,0.9,2.12,0.39,,11.1
CAI,1136.0,0.39,0.05,134.0,98.0,-86.0,14.15,3.11,8.65,2.38,25.57,97.92,210.34,29.55,13.6,0.85,0.81,,3.425
CLF,57.0,-0.01,0.02,15.0,,16.0,-0.6,-0.17,1.32,3.17,29.57,132.44,124.2,2.56,10.44,1.65,0.57,,1.465
CLG,8.0,-0.05,0,2.0,,1.0,-4.63,-2.89,-2.91,0.94,59.66,72.0,24.33,,670.1,1.67,,,1.44
CALT,1403.0,0.4,0.06,120.0,83.0,952.0,4.86,1.21,6.06,7.5,35.44,83.65,256.62,1.15,1.45,2.6,0.93,,2.7
CED,143.0,-0.24,0,123.0,-2.0,134.0,-6.43,-4.9,-65.62,2.87,77.22,130.45,249.05,20.9,3.52,3.39,,,1.29
CPR,1712.0,0.25,0.05,1180.0,330.0,899.0,14.43,6.58,11.41,4.84,47.2,64.33,117.88,1.29,3.87,2.36,0.5,,8.385
CFP,,-0.06,0,7.0,,66.0,-0.57,-0.56,-1.84,,99.22,,312.29,,,168.63,,,9.75
CRL,283.0,0.31,0,100.0,27.0,72.0,25.98,11.21,126.06,6.51,37.24,73.8,85.32,3.58,9.45,1.66,0.58,,10.74
CARR,606.0,0.22,0,63.0,28.0,-23.0,22.83,2.65,3.03,2.57,13.66,38.68,122.41,4.24,4.16,0.92,1.84,,2.94
CRR,80491.0,-0.7,0.7,755.0,2843.0,-4258.0,-5.18,-1.1,1.67,2.96,22.0,12.31,88.63,9.14,6.07,0.82,0.9,,16.645
CDG,25.0,-0.14,0,13.0,,2.0,-32.37,-9.55,-1.59,4.98,41.12,98.17,93.48,17.11,92.59,1.3,0.09,,1.41
CASS,5059.0,0.24,0.35,168.0,1453.0,,2.22,0.16,,0.93,7.2,,,,27.88,,0.37,,7.41
CDR,6.0,0.15,0.03,19.0,2.0,14.0,13.62,5.16,4.06,45.14,35.45,184.12,273.91,1.04,19.81,1.91,1.0,,0.9890899999999999
CELL,160.0,-0.27,0,13.0,21.0,60.0,19.35,11.02,16.64,0.9,48.37,167.76,157.63,4.28,19.48,2.34,0.62,0.34,9.4
CMB,133.0,1.36,0.7,17.0,23.0,71.0,16.19,13.6,,9.65,83.86,70.52,83.13,1.52,1.92,4.16,,,23.299999
CEM,1196.0,0.8,0.1,159.0,157.0,283.0,13.02,5.67,13.93,5.57,49.83,48.62,168.78,2.97,1.54,1.85,0.45,,6.15
CLI,182.0,0.03,0,14.0,5.0,,0.63,0.19,0.69,8.96,30.3,30.12,151.21,10.35,1.58,0.99,1.04,,2.63
CERV,377.0,0.24,0.23,196.0,147.0,52.0,8.61,3.35,6.27,10.22,38.26,142.7,79.94,84.37,20.84,1.3,1.04,,9.485
CFT,211.0,0.56,0,10.0,-5.0,19.0,28.35,2.68,10.98,4.26,8.72,65.96,145.29,2.17,5.97,1.14,1.83,,7.715380000000001
CHL,21.0,-0.01,0,1026.0,-1.0,-4.0,-23.37,-7.21,-0.85,1.81,28.14,133.79,174.16,64.64,13.82,0.71,0.02,,0.0168
CIA,17.0,0.05,0,84.0,11.0,1.0,40.4,8.23,3.2,,42.35,166.47,323.95,0.69,0.68,1.08,0.24,,0.176
CIR,2796.0,,0.01,709.0,78.0,294.0,-0.55,-0.08,3.95,4.87,20.06,57.87,95.52,9.75,4.11,1.28,1.23,,0.48491300000000004
CIRC,3.0,0.15,0,3.0,1.0,2.0,32.84,12.41,98.57,8.47,39.19,,75.38,51.46,66.96,2.21,0.37,,2.31818
CLA,45.0,0.06,0.03,,3.0,-1.0,3.12,0.74,1.8,11.58,22.2,81.88,164.61,2.54,16.96,0.96,0.86,,2.97
CLE,65.0,-0.18,0,86.0,,11.0,-86.45,-8.85,-7.56,3.19,6.54,323.19,265.63,35.79,20.81,1.15,6.7,,0.283
CBB,,-0.02,0,7.0,,,-79.69,-23.94,-258.37,,30.04,107.45,211.68,,315.92,1.11,,,
CNHI,,,0,1361.0,,,22.64,2.26,2.81,6.4,10.95,5.5,94.99,3.53,3.6,4.47,4.85,3.57,9.34
CRES,42.0,1.28,0.28,36.0,22.0,91.0,11.54,6.57,9.73,0.13,57.77,21.29,761.64,0.33,124.92,8.62,0.7,,8.02
COM,342.0,0.56,0,20.0,,91.0,12.8,4.36,,,38.05,73.59,133.69,2.56,6.63,1.74,0.36,,
CBK,1450.0,0.69,0,1252.0,-1698.0,,3.03,0.19,,40.62,6.12,,,,0.92,,1.64,,6.192
SGO,40810.0,2.81,1.26,557.0,2765.0,4055.0,8.41,3.61,4.3,4.22,43.42,45.02,70.98,5.11,3.51,1.34,0.4,,38.5
CNF,9.0,0.05,0,42.0,10.0,22.0,7.34,3.79,,1.24,58.65,1267.74,121.52,,56.6,2.28,,,0.25
CFV,11.0,0.01,0,7.0,1.0,3.0,2.28,1.41,2.47,18.99,61.71,2.5,1.81,3.88,139.91,5.94,0.45,,
CON,44404.0,14.49,4.5,200.0,4977.0,1072.0,17.21,7.44,14.94,7.4,44.67,63.88,77.23,7.7,3.77,1.07,0.08,9.64,120.400002
COP,7.0,0.09,0,2.0,,1.0,8.53,3.19,61.4,0.65,39.7,,6.17,,3.66,1.64,0.2,,
CBI,2.0,-0.13,0,18.0,-4.0,10.0,-16.08,-10.33,-112.62,34.3,78.15,164.46,113.49,,15.54,4.36,,,0.59
MOLD,16.0,0.19,0,4.0,2.0,4.0,-6.12,-0.87,0.48,5.14,13.02,184.54,175.84,2.53,3.75,1.37,2.48,,3.3
COV,28.0,0.72,0.5,4.0,,22.0,13.94,10.58,42.55,1.48,76.32,41.34,109.12,2.35,62.89,4.57,,,9.8
CVO,956.0,9.22,4.5,81.0,884.0,-244.0,10.77,3.25,8.11,103.71,36.73,113.12,964.43,1.04,1.32,0.91,1.24,0.06,94.7250025
CE,1617.0,0.56,0.15,331.0,127.0,,7.28,0.46,,3.58,6.38,,,,5.26,,1.37,,6.34
ACA,54707.0,1.39,0.63,2854.0,24930.0,,6.77,0.25,,1.26,3.64,,,,13.22,,3.52,,10.895
CVAL,593.0,-0.43,0,771.0,695.0,,-20.77,-1.32,,3.82,5.78,,,,1.67,,2.33,,0.1062
CFM,,-0.04,0,1.0,,,-14.14,-11.44,-63.42,10.25,80.87,52.56,193.81,,80.14,4.64,,,
CSP,127.0,0.03,0.04,34.0,,50.0,1.41,0.73,4.85,1.91,51.71,80.87,120.65,2.24,7.38,2.2,0.16,,0.962
CULT,6.0,0.13,0,3.0,,5.0,6.44,5.03,99.16,5.37,85.0,55.28,106.77,2.73,25.41,5.13,,,4.4
CYB,,,0,,,,,,,,,,,,,,,,
DIS,,,0,646.0,,,-15.06,-5.37,-0.59,25.43,32.45,40.57,38.25,28.11,0.47,0.71,1.58,,0.0939
DAI,167362.0,6.78,3.65,1069.0,343.0,23661.0,11.27,2.7,14.36,6.39,23.08,119.28,36.23,4.92,2.14,1.24,1.37,3.93,49.57
DAN,2525.0,0.77,0.1,74.0,19.0,1163.0,3.18,1.23,14.32,2.95,39.53,142.6,338.12,1.76,2.85,1.48,0.18,,17.860001
DANR,2525.0,0.77,0.12,74.0,19.0,1163.0,3.18,1.23,14.32,2.95,39.53,142.6,338.12,1.76,2.85,1.48,0.18,,13.02
DNN,24651.0,3.63,1.9,643.0,3111.0,369.0,15.23,5.31,7.09,3.82,37.11,40.59,108.66,7.36,4.05,1.03,0.87,1.36,74.32
DAL,606.0,1.03,0.3,58.0,73.0,227.0,17.81,7.61,26.46,2.58,40.42,47.78,121.82,3.78,8.55,1.99,0.61,9.17,29.799999
DBA,43.0,0.06,0,13.0,-2.0,18.0,4.54,1.93,12.18,14.22,48.37,149.04,239.03,14.45,15.1,1.97,0.21,,3.7
DLG,1973.0,1.18,0.8,151.0,204.0,792.0,17.54,9.18,41.69,5.03,48.94,71.63,157.63,2.6,9.24,2.16,0.27,,24.280001000000002
DEA,73.0,-0.04,0.12,258.0,,143.0,-2.29,-1.75,-496.56,0.88,91.22,68.45,66.31,,40.35,5.12,,,1.292
DBK,25093.0,-0.01,0.11,2102.0,-54066.0,,-0.04,,,1.85,4.99,,,,9.87,,2.26,,6.91
DB1,3098.0,4.46,2.45,185.0,1298.0,2150.0,17.05,0.56,15.55,5.16,2.99,794.4,42.85,,25.37,1.01,,,124.900002
LHA,35844.0,4.58,0.56,473.0,4109.0,-5561.0,22.82,5.81,14.13,11.43,24.84,40.72,44.12,34.1,1.75,0.66,0.53,,17.030001000000002
DPW,60444.0,2.15,1.05,1261.0,3297.0,357.0,22.87,7.05,12.81,3.64,32.9,48.81,52.79,169.04,7.04,1.02,0.4,,31.57
DTE,75351.0,0.46,0.65,4742.0,17948.0,-7275.0,7.03,1.51,3.27,16.58,23.27,47.33,110.46,18.94,1.55,0.75,1.65,,14.886
DIA,637.0,2.54,0.8,55.0,167.0,341.0,19.92,15.42,42.6,6.66,78.44,71.31,97.65,1.51,6.91,3.42,,6.84,78.349998
DIB,73.0,0.65,0.15,14.0,-1.0,38.0,14.63,9.12,-12.42,4.61,67.3,165.26,185.13,3.43,11.6,2.45,0.07,,6.59
DM,2.0,-0.93,0,7.0,-2.0,7.0,-40.38,-29.94,-42.69,24.89,77.72,200.78,183.87,9.92,51.43,3.7,0.14,,7.1
DGV,259.0,1.73,0,6.0,,24.0,23.02,5.35,15.76,,23.24,107.46,156.32,32.37,49.1,1.17,0.13,,11.1
DIG,14.0,,0,,,5.0,0.88,0.35,1.31,12.77,47.23,66.52,113.54,,161.61,1.97,0.36,,1.215
DGT,28.0,0.03,0,15.0,3.0,6.0,3.03,1.14,,7.18,39.13,143.02,163.0,,88.17,1.41,0.41,,1.42
DHH,6.0,0.08,0,3.0,1.0,1.0,3.41,2.52,20.17,16.27,73.37,28.34,38.88,,20.08,1.43,,,6.45
DOV,199.0,0.57,0,78.0,58.0,,21.56,14.38,,2.84,69.48,140.68,,,162.27,,,,10.45
DOX,11.0,0.08,0,9.0,,-2.0,,5.55,4.34,18.32,0.08,178.9,275.41,,20.5,0.77,367.45,16.61,
EOAN,29565.0,1.49,0.3,2167.0,2853.0,8180.0,66.01,5.85,3.66,7.71,11.17,47.99,28.18,30.32,1.41,1.54,1.45,,9.52
ECK,9.0,-2.17,0,1.0,1.0,-16.0,93.44,7.52,2.15,1.56,7.77,240.11,381.12,28.45,0.29,0.51,0.99,,6.0
EDAC,13.0,0.23,0,8.0,,2.0,92.74,19.48,78.15,,21.09,145.14,51.33,22.03,68.53,1.25,0.11,,
EDNR,9171.0,0.01,0,5377.0,588.0,433.0,0.92,0.52,37.8,4.87,56.98,65.86,41.72,36.64,2.51,1.17,0.06,,1.02
EEMS,,,0,435.0,,,-78.66,-16.15,,,14.1,,47241.43,,,1.01,,,0.0742
ELN,306.0,0.78,0.4,20.0,17.0,154.0,8.4,4.92,89.6,1.25,59.3,85.09,107.4,2.85,7.78,2.34,0.03,,27.74
ELES,14.0,0.02,0,11.0,1.0,1.0,3.2,0.89,2.51,,27.92,143.22,176.4,2.57,3.85,1.15,0.67,,
ELIN,46.0,0.59,0.25,8.0,7.0,7.0,31.4,8.57,17.26,18.31,28.46,108.36,177.45,46.72,3.33,1.32,0.7,,9.9
ELC,479.0,,0,62.0,29.0,-8.0,0.16,0.04,2.89,5.83,26.06,55.78,166.9,3.65,4.97,0.96,0.47,,2.16
EM,422.0,0.1,0.04,164.0,27.0,132.0,8.86,3.59,11.24,3.83,37.61,85.3,115.88,1.56,6.26,1.7,0.52,,1.288
ENAV,846.0,0.19,0.17,542.0,194.0,313.0,9.06,5.06,23.26,13.64,55.9,110.56,79.84,9.88,0.81,1.93,0.31,,4.258
ENEL,72664.0,0.37,0.18,10167.0,10125.0,-5183.0,10.86,2.43,3.96,11.7,25.16,70.41,91.83,21.03,0.96,0.87,1.22,,4.779
EMC,1.0,-0.45,0,,-6.0,4.0,-121.05,-52.93,-52.03,87.32,43.19,30.98,164.93,0.81,0.43,2.83,0.83,,3.26
ENT,90.0,-0.47,0,5.0,-14.0,21.0,-47.9,-3.25,-0.02,,8.82,114.13,104.92,8.8,13.02,1.59,3.46,,2.44
ENV,56.0,0.16,0.05,18.0,5.0,7.0,12.19,6.22,88.47,8.75,50.61,61.97,263.06,2.65,5.77,1.35,0.14,,3.24
ENGI,60596.0,0.37,0.72,2407.0,7874.0,4095.0,2.86,0.68,2.47,10.23,23.97,108.19,202.8,7.74,1.21,1.07,0.73,,13.835
ENI,66919.0,0.94,0.8,3603.0,10117.0,12021.0,6.68,2.82,2.16,12.97,41.81,58.27,66.76,12.95,1.0,1.48,0.42,,15.49
EPR,167.0,-0.36,0,40.0,-16.0,8.0,-25.65,-14.39,-142.17,2.34,57.51,8.81,64.16,9.43,23.61,1.25,0.01,,0.861
EQUI,56.0,0.24,0,45.0,,-7.0,20.6,4.74,12.48,1.19,32.07,,777.05,,94.28,0.47,1.78,,3.215
ERG,1024.0,0.89,1.15,149.0,297.0,689.0,3.58,2.83,5.67,6.24,77.86,90.3,80.09,23.65,0.46,2.31,0.49,,17.49
ESAU,16.0,0.25,0,12.0,2.0,5.0,58.38,24.85,267.38,6.97,47.92,134.61,112.19,6.22,116.31,2.05,0.13,,3.4225
PRT,3217.0,0.5,0.14,52.0,26.0,250.0,8.02,2.17,10.02,0.12,27.06,40.63,78.74,7.53,215.06,1.29,0.06,,3.88
EL,7490.0,4.71,1.5,221.0,1233.0,537.0,11.96,6.2,15.43,4.11,54.76,71.1,84.52,2.83,6.43,1.18,0.26,2.9,113.800003
EUK,52.0,-0.09,0,23.0,4.0,-3.0,-7.27,-3.42,-1.94,2.08,46.12,43.54,116.0,,2.02,0.8,0.53,,0.974
ETH,61.0,-0.14,0,34.0,-1.0,14.0,-4.81,-3.47,-10.58,4.03,71.28,93.59,120.76,2.17,22.41,1.48,0.02,,2.375
EVK,15024.0,2.0,1.15,466.0,1704.0,2239.0,12.29,4.63,6.72,6.87,38.29,42.05,51.63,4.8,2.26,1.67,0.48,3.06,24.59
EXO,142413.0,5.87,0.35,237.0,13390.0,10304.0,12.78,0.82,4.88,7.09,7.54,15.19,85.76,6.0,3.74,1.17,2.6,3.33,56.279999
EXSY,26.0,-0.23,0,36.0,-3.0,26.0,-46.7,-14.64,-18.11,22.4,34.12,157.93,152.77,16.19,30.63,2.62,0.76,,1.24
XPR,157.0,,0,45.0,9.0,-3.0,-0.03,-0.01,1.76,2.38,15.1,241.38,252.62,2.54,7.1,0.99,1.87,,1.242
FB,,,0,2921.0,,,27.9,24.32,,24.92,86.43,43.86,23.41,,2.91,7.19,,18.4,167.0
FKR,336.0,0.15,0.05,291.0,131.0,186.0,9.3,2.76,2.8,15.28,32.23,109.74,90.17,34.39,0.32,2.04,1.32,,3.692
FAR,13.0,0.03,0,6.0,1.0,,,3.26,,,-3.33,3.6,149.1,3.16,88.0,0.93,,,
RACE,3420.0,4.14,0.71,189.0,934.0,1735.0,73.77,17.45,,18.66,27.83,24.05,141.83,4.14,4.38,3.34,1.43,18.8,141.550003
FVI,23.0,0.7,0,3.0,2.0,11.0,15.5,7.78,74.33,1.47,57.14,67.93,70.25,1.87,7.5,2.29,0.19,,12.590900000000001
FCA,110412.0,2.3,0,1568.0,9948.0,-8182.0,15.85,3.74,5.29,4.88,25.55,7.45,79.44,8.05,3.99,0.82,0.35,2.76,12.982
FDA,48.0,-0.6,0.2,5.0,6.0,13.0,-21.68,-5.2,-8.74,5.08,19.82,110.69,214.91,0.92,4.42,1.4,0.99,0.35,6.82
FM,271.0,0.02,0,71.0,36.0,-72.0,2.65,0.7,5.8,1.59,28.21,47.04,81.46,5370.0,19.19,0.5,0.06,,3.33
FILA,510.0,0.38,0.09,41.0,24.0,152.0,7.34,2.32,4.41,4.68,33.0,79.17,112.07,1.2,6.02,1.73,0.83,,16.7472
FCT,4914.0,0.03,0,1697.0,547.0,-172.0,4.92,0.95,2.03,3.31,19.56,75.46,148.82,8.93,4.66,0.96,0.22,,1.289
FF,,-0.02,0,10.0,,101.0,-0.18,-0.18,,,99.84,,2034.98,,,639.68,,,10.0
FBK,666.0,0.35,0.28,609.0,2326.0,,30.3,0.99,,1.81,3.28,,,,53.37,,0.04,,9.672
FNL,21.0,0.25,0,7.0,1.0,14.0,18.5,9.26,51.13,4.03,58.16,114.47,66.04,6.45,10.35,4.09,0.27,,5.3
FIC,8.0,2.05,0.4,3.0,6.0,14.0,15.48,12.46,,0.1,85.98,261.03,17.25,,318.11,35.38,,,9.82222
FNM,176.0,0.08,0.02,435.0,48.0,-3.0,9.16,4.49,,53.71,47.83,107.45,331.95,15.02,0.47,0.99,0.22,,0.605
FPE,28.0,0.49,0,5.0,3.0,11.0,21.66,10.35,35.93,18.76,49.35,99.41,58.4,4.84,6.72,2.55,0.23,,6.55
FOS,7.0,0.07,0,7.0,,2.0,31.0,5.49,5.5,,17.72,104.08,70.51,15.92,39.6,1.48,0.7,,
FDE,2.0,-0.02,0,59.0,1.0,2.0,-5.37,-3.13,-1.5,138.76,61.23,64.64,384.62,,0.1,1.42,0.27,,0.36
FRE,33530.0,3.63,0.75,557.0,3742.0,1515.0,13.94,3.69,5.95,6.41,32.72,70.88,28.13,7.32,3.37,1.11,0.91,2.01,47.115002000000004
FME,16547.0,6.45,1.06,307.0,2062.0,1579.0,18.37,7.89,7.1,6.39,46.85,80.09,19.73,8.26,4.52,1.25,0.43,0.81,67.199997
FCM,,,0,8.0,,,1.12,0.28,,1.7,24.75,117.54,150.69,5.26,6.13,0.84,0.57,,
FUL,22.0,-0.22,0,11.0,-2.0,-3.0,-43.74,-8.63,-5.1,2.81,19.43,161.12,237.15,6.2,7.63,0.8,0.41,,1.02
VALU,,,0,,,,,,,,,,,,,,,,9.601
GAB,38.0,-0.04,0,63.0,,21.0,-14.89,-3.74,-18.06,0.68,24.49,220.7,,,66.27,2.25,1.26,,0.308
GAMB,16.0,0.11,0,10.0,5.0,-4.0,11.81,3.62,,18.19,32.36,202.34,244.72,8.57,11.16,0.75,0.06,,0.98
GHC,152.0,0.2,0,60.0,30.0,12.0,15.32,6.81,17.73,0.34,45.44,89.36,82.03,31.1,1.77,1.22,0.36,,3.645
GSP,79.0,0.02,0,44.0,11.0,-4.0,0.36,0.14,1.6,12.74,40.52,99.42,229.14,8.6,0.74,0.94,0.19,,2.38
GEDI,634.0,-0.28,0,499.0,-120.0,6.0,-21.36,-10.83,3.4,2.07,46.41,110.23,104.34,31.59,7.26,1.02,0.17,,0.381
GE,127.0,0.47,0.25,14.0,21.0,29.0,10.03,4.9,20.15,4.43,49.75,86.09,100.32,3.1,3.52,1.56,0.2,,7.56
GEL,16.0,0.12,0,7.0,,5.0,19.17,4.09,4.33,5.44,31.89,138.51,86.41,4.84,10.07,1.45,0.67,,2.16
G,70163.0,1.45,0.85,1588.0,14992.0,,9.49,0.44,4.42,0.51,4.58,,,,17.89,,1.16,,16.559998999999998
GEO,885.0,0.06,0.02,259.0,99.0,217.0,4.34,2.22,3.54,3.49,52.16,47.82,149.24,1.47,13.88,1.75,0.04,,2.42
GEQ,,-0.01,0,107.0,-1.0,-2.0,-343.91,-20.28,,,-1.48,238.21,346.37,,0.09,0.16,,,0.04
GG,79.0,,0,16.0,5.0,-4.0,0.3,0.07,1.17,10.84,21.57,89.27,130.25,14.33,11.43,0.93,0.55,,4.0
GILD,,,0,1308.0,,,26.08,8.14,8.24,4.18,33.67,59.2,60.32,6.01,6.06,3.38,1.15,22.68,58.0
FED,67.0,-2.11,0.35,2.0,2.0,16.0,-23.21,-6.89,-16.34,3.4,25.82,63.32,202.95,1.8,6.72,1.58,0.74,,9.1
GIS,2.0,0.01,0,4.0,,,5.62,0.71,2.71,,12.68,133.66,765.23,0.56,721.58,1.15,,,
GO,6.0,-0.01,0,12.0,,-2.0,-3.05,-1.2,-0.09,71.68,37.44,104.56,555.09,,0.33,0.67,0.45,,1.2491700000000001
GPI,179.0,0.48,0.3,16.0,-10.0,57.0,12.74,3.36,4.5,3.05,24.58,54.53,414.6,12.67,12.49,1.57,0.99,,9.74
GRAL,16.0,,0,12.0,,,18.66,2.6,,,15.27,120.77,137.09,6.1,4.15,0.97,1.24,,6.288
GGP,17.0,-0.71,0,3.0,,,-89.87,-16.48,-15.0,,10.15,36.3,127.51,5.85,9.04,0.99,0.55,,2.06
GCL,,-0.13,0,51.0,,495.0,-1.33,-1.29,-0.01,,96.67,,,,,30.06,,,9.84
FARM,41.0,-0.07,0,88.0,6.0,-1.0,-21.48,-11.11,,24.55,40.12,,66.91,216.54,33.74,0.95,0.24,,0.744
HI,18.0,,0,12.0,,6.0,15.45,9.18,42.02,5.05,60.07,160.08,137.33,,94.48,1.71,,,4.33663
HEI,18074.0,5.76,1.9,198.0,1968.0,1226.0,7.62,3.25,6.11,5.87,44.87,36.41,120.5,3.81,1.4,1.2,0.61,,66.18
HEN3,19899.0,5.32,1.79,434.0,2698.0,-199.0,14.18,7.98,39.14,4.21,57.59,65.61,126.22,5.05,6.5,0.98,0.09,2.43,90.760002
HER,5671.0,0.17,0.09,1471.0,754.0,235.0,10.13,2.95,4.72,7.77,29.5,88.54,165.7,26.03,2.81,1.09,1.13,,2.702
IGV,63.0,0.03,0.02,48.0,7.0,17.0,1.76,1.12,10.59,1.49,63.79,20.55,68.86,102.93,0.95,1.73,0.09,,1.57
IMA,1500.0,2.65,1.7,39.0,121.0,161.0,27.15,6.57,20.56,4.1,24.27,63.22,378.13,1.68,14.5,1.21,0.71,,64.199997
ICF,,,0,,,,,,,,,,,,,,,,8.9
IE,,-0.05,0,33.0,1.0,-1.0,,-76.99,,,-3.76,,1275.11,,,0.32,,,
IGD,163.0,0.46,0.5,101.0,81.0,-198.0,3.92,1.96,2.87,12.48,50.86,31.9,140.58,1.08,3.36,0.22,0.7,,6.15
S24,230.0,0.12,0,63.0,-16.0,-32.0,50.43,2.89,-7.46,1.63,16.42,132.49,285.45,36.37,10.15,0.79,0.14,,0.644
ILLA,40.0,0.02,0,8.0,1.0,6.0,3.4,0.44,1.88,3.82,18.64,46.34,110.64,3.12,4.47,1.34,1.18,,2.04
ILTY,,,0,,,,,,,,,,,,,,,,
ILP,27.0,0.17,0,12.0,1.0,,51.24,,8.85,4.03,100.0,,156.31,1.87,4.49,,,,
IMS,1455.0,0.02,0,341.0,141.0,-353.0,3.6,0.39,1.78,6.04,11.71,28.09,157.44,3.61,4.52,0.65,2.57,,0.502
YIV,2.0,0.01,0,,-1.0,1.0,2.17,0.7,1.47,,59.18,357.76,388.21,0.76,0.1,1.2,0.07,,2.46
INDB,116.0,2.6,0,5.0,7.0,42.0,25.26,13.15,14.81,2.36,54.08,75.78,88.83,2.89,6.23,2.05,0.27,,33.0
IFX,7599.0,0.95,0.25,1134.0,1575.0,3241.0,17.8,10.32,21.75,16.5,59.25,43.76,85.21,3.47,2.67,2.49,0.23,11.0,17.35
INGA,18304.0,1.22,0.67,3890.0,6915.0,,9.77,0.55,,1.56,5.55,,,,10.58,,2.72,,10.246
IB,11.0,0.22,0.6,4.0,7.0,-26.0,1.96,0.7,2.99,40.53,32.11,60.4,462.49,,0.16,0.28,1.15,,20.200001
INC,41.0,0.02,0,151.0,6.0,-7.0,,5.51,238.08,,-33.88,134.56,274.9,9.73,3.04,0.82,,,0.032
IKG,45.0,0.09,0,395.0,30.0,63.0,7.64,5.86,7.13,0.55,77.09,59.43,641.63,,3.93,3.46,0.22,,0.314
IKGR,45.0,0.09,0,395.0,30.0,63.0,7.64,5.86,7.13,0.55,77.09,59.43,641.63,,3.93,3.46,0.22,,0.422
INTC,,,0,4701.0,,,29.07,16.76,50.82,21.43,58.6,31.76,45.45,3.81,1.57,1.73,0.33,19.12,45.599998
IP,1279.0,1.6,0.21,108.0,149.0,344.0,21.31,10.91,66.25,5.3,52.47,72.35,72.69,2.45,3.78,1.77,0.27,,28.120001000000002
ISP,29087.0,0.24,0.2,16772.0,5623.0,,7.35,0.51,,6.57,6.86,,,,4.5,,1.89,,2.169
ITD,14.0,0.18,0,14.0,4.0,-5.0,31.05,6.49,,38.22,22.07,85.79,242.62,,1.1,0.56,0.35,,2.9697500000000003
INW,357.0,0.21,0.14,600.0,114.0,1.0,8.43,7.07,119.99,10.02,84.09,47.67,164.0,,1.72,1.01,0.04,,6.365
IRC,357.0,0.17,0.03,27.0,-12.0,95.0,3.47,2.02,11.59,2.66,55.31,84.52,32.29,3.63,6.35,2.09,0.09,,2.6
IRE,3687.0,0.19,0.06,1276.0,660.0,536.0,11.65,3.03,5.02,9.69,28.22,90.65,126.97,30.72,1.07,1.39,1.38,,2.19
ISG,150.0,0.01,0,39.0,16.0,60.0,0.21,0.1,2.47,6.56,45.01,116.03,107.91,2.31,6.93,1.84,0.46,,1.564
ISGS,150.0,0.01,0,39.0,16.0,60.0,0.21,0.1,2.47,6.56,45.01,116.03,107.91,2.31,6.93,1.84,0.46,,1.2
ITW,41.0,-0.26,0,7.0,-3.0,-3.0,-20.78,-2.87,,,17.9,296.95,210.51,38.98,10.1,0.9,0.28,,1.055
IG,1601.0,0.36,0.2,809.0,547.0,60.0,26.04,5.11,14.4,30.81,20.29,93.99,106.58,22.13,7.09,1.1,3.05,,4.727
IIG,20.0,-1.82,0,5.0,-6.0,10.0,-179.41,-23.54,,4.74,1.07,226.55,287.58,0.66,8.73,1.52,34.35,,3.92
IEG,131.0,0.29,0,31.0,25.0,-35.0,8.53,3.6,19.06,17.64,41.53,67.26,159.27,440.27,0.78,0.57,0.49,,
IWB,150.0,1.06,0.2,,11.0,17.0,8.53,3.79,8.71,0.68,45.56,56.31,130.6,6.75,10.06,1.28,0.3,,12.85
ITM,473.0,0.66,0.55,42.0,17.0,362.0,2.15,1.61,1.54,0.28,72.12,59.46,88.0,6.01,3.39,2.82,0.09,,20.200001
IVS,434.0,0.63,0.28,37.0,49.0,-10.0,7.72,2.87,3.4,11.78,37.5,22.96,172.4,4.34,2.34,0.95,0.92,,10.15
JUVE,505.0,-0.02,0,1094.0,-8.0,-159.0,-23.19,-2.37,-0.56,48.9,9.32,23.84,41.19,60.88,3.09,0.49,3.84,,1.1290799999999999
SDF,4039.0,0.22,0.35,191.0,308.0,721.0,1.01,0.43,1.44,12.74,41.57,70.11,34.67,4.02,0.6,1.56,0.66,0.39,15.355
KER,13665.0,29.49,6.0,126.0,3778.0,660.0,34.0,15.83,42.74,6.06,46.7,29.59,104.57,1.36,6.08,1.1,0.32,,479.799988
KI,47.0,-0.45,0,6.0,1.0,-4.0,,-12.29,-9.83,2.07,-26.97,75.11,89.77,8.49,27.82,0.81,,,2.0912900000000003
KIP,4.0,-0.05,0,1.0,,-1.0,-9.49,-1.26,0.42,30.38,20.45,96.16,382.56,7.91,111.42,0.77,0.78,,6.86
OR,26937.0,6.92,3.55,563.0,5291.0,2354.0,15.06,10.56,122.4,5.26,70.03,53.57,216.33,2.76,7.49,1.23,,3.39,244.600006
LD,670.0,0.98,0.18,31.0,34.0,184.0,13.96,5.4,16.94,2.68,39.51,57.33,69.92,2.87,4.56,1.85,0.43,,11.32
LR,206.0,0.04,0,113.0,9.0,25.0,8.05,2.04,2.01,2.5,29.45,58.98,116.69,3.6,9.15,1.36,0.98,,1.348
LDO,12240.0,0.89,0.14,575.0,687.0,-1312.0,11.35,2.01,3.57,4.71,17.64,91.29,140.35,2.25,5.56,0.91,0.76,,10.41
LFG,85.0,0.28,0.09,14.0,27.0,-12.0,11.35,3.21,3.15,40.41,26.34,125.19,321.56,,267.13,0.83,0.75,,4.7
LCC,,,0,,,,,,,,,,,,,,,,9.6355
LON,29.0,0.09,0,6.0,2.0,1.0,79.06,5.5,,2.96,4.68,85.4,70.29,19.53,18.6,1.08,2.29,,4.795999999999999
LMG,28.0,0.26,0.05,15.0,6.0,24.0,12.59,4.24,5.81,66.41,34.8,234.66,211.55,124.87,1.16,2.07,1.07,,2.2
LUVE,270.0,0.26,0.22,22.0,19.0,96.0,4.17,1.46,6.82,9.0,34.72,62.97,149.17,4.14,2.52,1.77,0.82,,10.05
LVEN,2.0,-0.02,0,30.0,,1.0,-13.9,-11.61,-47.41,7.01,83.4,105.03,122.73,,5.69,1.89,0.11,,0.613438
LVMH,46803.0,12.61,5.4,504.0,8627.0,6718.0,20.78,8.9,61.06,6.71,44.46,23.24,115.09,1.34,3.47,1.4,0.18,,363.299988
MAIL,27.0,0.04,0,13.0,2.0,1.0,5.28,1.91,27.86,7.43,43.18,46.98,86.88,2808.21,31.76,1.06,0.13,7.49,2.36
MT,3634.0,0.34,0.13,329.0,-24.0,373.0,38.69,3.09,8.45,0.35,8.33,45.56,173.35,557.82,107.46,1.13,1.32,,2.582
MAPS,12.0,0.12,0,9.0,,3.0,43.3,12.75,32.17,,29.45,109.05,92.35,2.83,59.2,2.11,0.3,,
MARR,1624.0,0.98,0.7,67.0,67.0,261.0,22.19,6.8,16.1,0.37,30.76,82.66,91.41,8.83,22.9,1.55,0.64,,22.58
MARP,39.0,0.3,0,7.0,4.0,4.0,16.55,4.82,,13.44,29.63,73.38,106.95,2.63,1.84,1.26,0.92,,
MASI,64.0,0.2,0.09,32.0,5.0,41.0,5.96,4.61,26.57,5.78,78.53,87.88,150.27,0.68,1.19,3.67,0.12,,4.28
MZB,956.0,0.52,0.15,34.0,72.0,105.0,5.91,2.27,4.72,3.83,37.52,47.62,85.43,4.28,4.42,1.41,0.68,,7.02
MFT,,,0,,,,,,,,,,,,,,,,
MS,3401.0,0.41,0,1138.0,1242.0,144.0,21.77,8.54,3.46,18.17,50.17,108.87,171.34,49.22,10.81,1.1,0.31,,2.744
MB,2278.0,0.98,0.37,883.0,381.0,,9.21,1.21,,1.3,13.36,,,,10.43,,2.59,,8.272
MRK,14836.0,7.76,1.25,435.0,2219.0,719.0,21.63,9.31,5.31,6.85,46.67,72.01,91.08,1.99,3.18,1.08,0.38,15.0,94.959999
MU,,,0,1229.0,,,55.52,35.92,42.83,29.22,75.98,51.32,44.16,3.72,1.41,2.79,0.12,7.04,35.400002
MSFT,,,0,7794.0,,,21.37,6.63,14.35,10.54,31.96,76.52,76.17,15.84,3.68,2.9,0.94,13.34,97.5
MIT,8.0,-0.05,0,89.0,-17.0,155.0,-1.68,-0.87,-0.89,41.94,55.54,117.63,76.85,0.19,3.5,2.73,0.39,,1.5141
MLM,23.0,-0.02,0,437.0,-10.0,13.0,-36.33,-18.89,,8.51,57.17,52.32,200.46,11.49,1.96,1.98,,,0.473
MONC,1194.0,0.98,0.18,255.0,314.0,415.0,30.7,19.72,177.77,6.16,66.92,34.49,198.1,2.03,9.11,2.4,0.07,,30.9
MN,1268.0,0.12,0,261.0,88.0,33.0,10.09,2.2,4.62,1.15,24.16,86.07,127.8,6.93,46.59,1.06,0.72,,1.526
MTV,33.0,0.43,0,30.0,9.0,31.0,19.34,14.54,80.43,58.85,76.4,440.19,3699.27,,94.47,2.37,0.01,,4.315
MTF,,-0.01,0,107.0,,,-50.0,-26.07,,397.64,37.21,3684.31,130.19,,3.44,0.99,,,0.0714
MSU,,,0,10.0,,,43.14,4.78,12.04,2.87,14.36,948.99,2484.08,,331.99,1.08,,,0.93
MNL,47.0,0.43,0,5.0,-1.0,24.0,7.94,4.2,,10.01,51.35,84.05,109.04,2.14,3.28,2.82,0.43,,11.775
MON,157.0,-0.02,0,150.0,3.0,-70.0,-26.86,-1.81,0.72,0.25,6.49,75.9,334.4,10.26,1.6,0.41,2.14,,0.1955
MUV2,51439.0,15.53,8.6,149.0,2998.0,,8.5,0.86,11.15,,9.76,,,,6.47,,0.18,,219.0
MOL,153.0,0.66,0.23,39.0,34.0,60.0,35.32,14.55,282.85,2.05,42.58,102.43,155.45,121.1,10.89,1.89,0.32,,14.24
NDT,132.0,0.45,0.15,13.0,16.0,10.0,10.71,3.84,4.2,5.87,36.97,70.9,159.27,2.25,1.76,1.16,0.47,,3.76
NSP,4.0,0.01,0,7.0,,,2.28,0.8,,,35.31,255.1,141.63,114.85,56.4,0.91,0.44,,
NET,33.0,-2.55,0,7.0,-28.0,,15.9,1.28,7.29,,9.19,,,,2.0,,,,4.44
NFLX,,,0,451.0,,,27.46,5.38,3.92,1.35,20.17,,16.89,,42.82,1.49,1.98,7.74,295.5
NTW,29.0,-0.01,0,110.0,-1.0,-4.0,-37.88,-5.07,-13.35,4.3,11.02,146.21,163.38,75.42,6.41,0.8,0.59,,0.288021
NRST,10.0,-0.03,0,26.0,3.0,5.0,-8.76,-6.06,-19.64,32.1,66.66,137.15,41.5,14.5,19.15,3.42,0.09,,2.1
NWL,304.0,0.1,0,44.0,27.0,43.0,4.55,1.39,4.84,2.33,27.86,61.16,123.57,10.05,2.36,1.33,0.2,,
NEXI,1417.0,0.12,0,632.0,696.0,3473.0,2.57,1.23,4.15,5.8,45.98,771.49,25.9,,10.63,53.58,0.86,,
NOKIA,22563.0,-0.06,0.19,5588.0,360.0,4167.0,-2.16,-0.84,-0.28,2.98,38.77,94.93,113.36,4.86,12.39,1.3,0.18,20.48,4.65
NPI,18.0,0.07,0.05,22.0,11.0,12.0,7.08,4.47,,39.64,62.93,292.47,1250.44,11.77,197.25,2.71,,,1.82
NR,3.0,0.1,0,10.0,-2.0,14.0,3.07,1.34,1.43,0.37,44.47,125.92,601.06,,,4.69,1.18,,4.472
NVDA,,,0,625.0,,,49.26,33.76,68.17,5.12,70.28,41.89,44.45,3.83,9.76,7.94,0.21,20.28,157.720001
NVP,4.0,0.02,0,8.0,1.0,,42.28,2.95,4.22,34.0,6.97,169.19,646.81,,1.39,1.22,7.64,,
OS,2.0,,0,6.0,,,2.43,0.74,,,24.88,48.67,153.59,0.52,4.02,1.14,0.15,,
OJM,584.0,0.89,0,14.0,8.0,24.0,14.9,5.93,20.24,0.18,41.24,71.1,5.1,,265.65,1.22,0.15,,9.9
ORA,41096.0,0.59,0.65,2712.0,10174.0,-8357.0,5.36,1.73,3.51,18.42,33.05,45.03,125.78,22.45,1.56,0.71,0.86,,14.23
ORS,819.0,0.8,0,16.0,14.0,78.0,12.16,3.56,7.78,5.66,34.88,43.1,43.58,26.06,8.78,1.45,0.53,,7.56
OVS,1571.0,0.02,0.15,227.0,76.0,50.0,0.6,0.26,1.77,4.42,42.28,21.87,200.62,1.93,5.78,1.08,0.44,,2.792
PAN,396.0,0.25,0.07,45.0,23.0,113.0,6.61,2.63,18.84,8.67,39.7,73.21,125.1,1.75,3.23,1.82,0.59,,2.905
PTR,30.0,0.07,0,14.0,-2.0,7.0,31.37,8.89,,,24.27,54.43,58.96,9.33,59.24,2.12,1.1,,
PHN,38.0,0.62,0,10.0,6.0,17.0,46.83,23.02,112.01,2.47,57.17,90.91,64.7,17.17,35.05,2.74,0.16,,14.4
PHIA,18121.0,1.16,0.8,936.0,1780.0,1629.0,9.05,4.25,9.3,4.65,46.51,77.69,83.79,3.81,10.98,1.21,0.28,9.71,38.049999
PIA,1390.0,0.1,0.06,358.0,148.0,-79.0,9.28,2.33,3.17,8.3,24.73,22.4,145.23,4.8,5.15,0.87,1.12,,2.584
PRL,17.0,-0.05,0,54.0,-1.0,-2.0,,-8.91,0.33,6.37,8.59,62.78,208.97,3.45,1.69,0.81,4.76,,0.17715999999999998
PINF,80.0,0.02,0,54.0,7.0,35.0,2.94,1.15,2.05,3.32,46.7,70.55,318.42,62.94,1.9,1.93,0.41,,2.26
PVN,212.0,0.38,0,51.0,24.0,29.0,67.34,13.19,70.65,3.79,19.74,90.55,91.76,5.7,8.32,1.3,0.62,,8.3
PQ,98.0,0.1,0.04,50.0,8.0,35.0,12.25,5.09,22.62,1.73,40.71,103.5,116.99,3.22,8.2,1.83,0.27,,1.855
PIRC,5352.0,0.2,0,853.0,1138.0,-858.0,4.87,1.3,2.15,9.14,32.48,45.41,234.9,2.47,1.64,0.79,0.95,,7.204
PITE,16.0,0.19,0.15,18.0,4.0,4.0,10.93,7.16,6.73,60.19,61.21,91.21,18.26,63.88,11.49,1.64,0.31,,4.62
PLC,33.0,6.5,0,1.0,23.0,5.0,31.05,10.19,14.48,6.7,40.35,148.82,232.02,2.36,,1.22,0.06,,2.145
PSF,49.0,0.81,0,1.0,1.0,5.0,11.82,2.66,13.7,5.26,22.46,121.67,185.05,9.77,9.5,1.25,0.67,,6.2
POL,136.0,-0.02,0,126.0,4.0,-15.0,-10.23,-1.86,2.41,1.11,18.42,101.45,313.43,10.18,2.41,0.81,0.61,,0.209
POPR,26.0,-0.04,0,30.0,5.0,5.0,-5.17,-2.95,40.59,3.68,67.56,102.96,458.24,5.88,0.99,1.56,0.02,,0.614
PSA,6.0,,0,2.0,,1.0,0.65,0.28,1.45,12.83,53.91,15.44,19.07,,130.85,1.89,0.29,,2.98
PST,29486.0,1.07,0.42,1306.0,2597.0,-34241.0,17.87,0.68,21.41,1.82,3.88,26.11,19.48,199.39,14.94,0.47,0.7,,9.51
PWS,29.0,0.21,0,11.0,2.0,13.0,15.85,9.34,9.13,,58.91,63.92,104.4,2.84,37.48,2.55,0.02,,
PRI,450.0,1.77,0.3,10.0,32.0,63.0,12.97,3.78,4.22,2.88,28.83,82.02,106.74,3.21,12.68,1.25,0.67,2.8,34.75
PRM,14.0,-0.49,0,7.0,-10.0,,-187.67,-10.96,-0.82,10.61,6.83,270.26,108.68,1237.37,77.68,0.96,7.03,,2.3
PSM,4008.0,1.06,1.93,229.0,1459.0,574.0,24.91,3.8,5.47,30.71,12.42,46.9,77.5,63.43,15.07,1.4,4.28,,13.94
PRY,10158.0,0.24,0.42,245.0,462.0,1111.0,6.94,1.54,4.25,2.81,22.68,49.69,105.14,5.37,4.75,1.3,1.4,,18.67
RAD,58.0,0.13,0,9.0,,-3.0,4.87,1.46,2.05,,29.96,72.06,122.57,2.12,1.68,0.93,0.12,,
RWAY,216.0,0.21,0.15,272.0,71.0,37.0,33.3,15.99,58.92,7.53,52.39,117.3,275.25,57.71,1.1,1.38,0.17,,4.575
RAT,99.0,0.22,0.1,27.0,9.0,37.0,13.65,5.61,20.35,3.81,41.5,85.52,192.98,1.87,3.19,1.96,0.39,,2.79
RCS,895.0,0.14,0,517.0,97.0,-133.0,53.42,7.16,8.47,2.13,17.89,92.78,152.02,29.63,11.14,0.7,1.39,,1.14
REC,1352.0,1.49,0.88,209.0,372.0,209.0,31.39,14.81,19.53,6.25,44.53,66.11,141.52,2.05,13.09,1.43,0.67,8.11,37.0
RLT,12.0,0.1,0,9.0,1.0,2.0,59.19,16.45,,3.2,27.8,71.29,83.77,,87.93,1.81,0.46,,
RNO,57419.0,12.13,3.55,272.0,6285.0,2174.0,9.61,2.94,12.19,7.68,31.07,268.74,77.99,7.44,4.12,1.03,0.17,4.52,53.849998
REN,5.0,0.02,0,7.0,,1.0,83.58,12.19,,1.63,15.89,92.62,52.68,,1.8,1.28,1.96,,1.54
RM,577.0,0.04,0,378.0,34.0,36.0,9.0,3.59,28.04,3.57,41.13,43.76,86.65,5.32,2.96,1.24,0.26,,0.762
REY,1036.0,2.67,0.35,37.0,120.0,236.0,22.54,10.26,114.74,2.9,45.15,139.45,77.7,2.55,31.39,1.52,0.05,,57.650002
RST,40.0,-0.01,0,32.0,6.0,6.0,3.17,1.77,2.43,174.13,53.29,178.56,184.06,0.65,15.83,1.06,0.56,,3.185
LIT,65.0,0.07,0,163.0,31.0,34.0,8.07,4.56,13.91,49.39,53.27,145.17,442.11,,0.5,1.52,0.1,,1.616
RN,1.0,-0.01,0,1928.0,-29.0,624.0,-16.16,-2.6,-1.23,3.46,14.96,423.96,564.29,0.02,0.03,3.37,3.12,,0.0302
YRM,171.0,-1.54,0.3,3.0,-10.0,188.0,-3.21,-1.58,-7.76,2.59,49.33,170.88,115.89,1.85,2.1,3.32,0.07,,38.400002
ROS,31.0,0.07,0,12.0,1.0,2.0,32.98,3.74,12.41,4.67,11.47,112.66,108.99,6.12,9.35,1.11,1.1,,0.924
RWE,13388.0,0.54,1.0,615.0,6648.0,15669.0,3.86,0.45,1.11,7.84,12.81,100.44,128.48,6.01,0.72,1.34,0.16,,23.85
SSL,127.0,0.54,0,68.0,24.0,-23.0,95.82,16.27,,20.81,22.65,14.07,42.18,31.32,3.21,0.77,0.4,,1.236
SAB,150.0,1.32,0.48,11.0,23.0,45.0,13.21,8.16,64.81,9.63,61.99,97.4,101.26,2.18,2.06,1.98,0.16,,17.139999
SG,231.0,0.62,0.55,22.0,38.0,44.0,9.99,5.3,24.22,3.31,51.09,57.5,55.73,2.97,4.49,1.62,0.24,6.97,21.4
SGR,231.0,0.62,0.57,22.0,38.0,44.0,9.99,5.3,24.22,3.31,51.09,57.5,55.73,2.97,4.49,1.62,0.24,6.97,16.5
SFL,1047.0,-2.48,0,101.0,-31.0,184.0,-35.78,-18.72,-27.86,3.84,45.95,72.54,156.89,1.99,5.43,1.44,0.27,,2.5766299999999998
SAF,16940.0,10.9,0.83,418.0,2726.0,3775.0,56.88,15.13,45.88,7.6,32.31,116.16,140.8,2.05,5.07,1.25,0.37,,101.5
SPM,9161.0,-0.33,0,1013.0,459.0,2256.0,-6.96,-2.44,-0.04,2.86,36.32,92.06,121.14,3.61,1.87,1.5,0.64,,3.806
SPMR,9161.0,-0.33,0,1013.0,459.0,2256.0,-6.96,-2.44,-0.04,2.86,36.32,92.06,121.14,3.61,1.87,1.5,0.64,,40.0
SCF,,,0,40.0,,,25.39,9.42,15.22,,37.12,,229.63,2.11,7.51,1.51,0.24,,
SAL,5940.0,-0.24,0.05,493.0,,1321.0,-9.92,-1.18,0.39,2.88,11.05,130.9,290.4,1.02,8.04,1.23,1.71,,2.232
SALR,5940.0,-0.24,0.26,493.0,,1321.0,-9.92,-1.18,0.39,2.88,11.05,130.9,290.4,1.02,8.04,1.23,1.71,,6.15
SFER,1335.0,0.52,0.38,169.0,186.0,485.0,11.97,7.46,82.29,5.68,64.95,39.84,155.79,1.41,5.24,2.63,0.02,2.02,18.65
SANF,35677.0,3.43,3.03,1255.0,5547.0,7271.0,7.36,4.08,11.13,5.54,52.92,74.05,154.39,1.6,3.71,1.42,0.37,16.52,77.57
SAP,24708.0,3.42,1.4,1194.0,4303.0,6139.0,15.03,8.69,14.4,5.67,56.04,88.57,59.63,,7.58,1.59,0.37,14.67,110.379997
SRS,7558.0,0.26,0.1,935.0,280.0,430.0,24.14,7.96,27.9,2.54,33.96,19.68,55.42,9.64,7.62,1.28,0.24,,1.918
SU,25720.0,4.16,2.2,561.0,2872.0,3152.0,11.5,5.69,14.13,3.2,50.97,77.68,96.51,5.28,10.27,1.31,0.28,2.32,76.019997
SCK,8.0,0.02,0,11.0,,-2.0,7.49,1.15,2.76,12.61,15.3,114.75,194.03,3.5,0.93,0.72,1.62,,
SERI,63.0,-0.3,0,3.0,-28.0,4.0,-1.44,-0.58,3.98,138.38,44.71,82.52,181.52,0.87,1.8,1.06,0.02,,3.4605
SRI,252.0,0.43,0.15,32.0,67.0,-37.0,9.97,3.98,12.33,19.41,40.12,105.46,236.79,18.82,2.02,0.75,0.29,,4.6
SES,1351.0,1.73,0.56,15.0,50.0,253.0,13.56,3.59,17.97,1.11,25.81,87.02,79.7,20.07,25.74,1.59,0.6,,27.4
SGC,33.0,0.12,0,12.0,-3.0,3.0,53.24,10.02,148.14,0.26,21.33,64.18,55.69,,505.44,1.31,,,2.40425
SHE,40.0,0.3,0,11.0,5.0,6.0,46.78,8.94,29.11,,19.14,65.92,116.29,3.76,4.82,1.33,1.74,,
SICT,,,0,,,,,,,,,,,,,,,,13.732
SIE,83044.0,7.01,3.7,828.0,8425.0,16696.0,13.11,4.26,8.39,3.13,33.35,68.76,64.21,3.3,7.43,1.35,0.6,6.69,98.93
SIO,59.0,0.58,0,3.0,5.0,-16.0,24.16,3.93,4.56,8.68,16.25,18.36,120.61,7.02,3.23,0.43,0.51,,
SIT,324.0,-1.16,0,20.0,42.0,59.0,-22.06,-6.14,-0.16,5.47,27.84,58.73,142.15,4.61,6.78,1.53,1.14,,10.5
SITI,203.0,0.4,0,13.0,6.0,75.0,6.91,2.07,6.24,2.85,32.25,144.51,153.51,1.81,18.86,1.61,0.4,,7.3
SRG,2517.0,0.26,0.21,3482.0,1864.0,-1650.0,14.14,4.28,5.57,40.37,28.36,184.53,441.26,3.4,0.16,0.61,1.64,,3.681
SEIF,26.0,0.02,0,25.0,4.0,8.0,6.13,2.85,29.05,2.2,46.47,46.84,60.15,51.8,233.48,2.49,,,
GLE,33039.0,4.24,2.2,802.0,-1054.0,,5.65,0.26,,23.07,4.68,,,,1.41,,2.11,,25.74
YSFT,8.0,-0.07,0,2.0,1.0,,-4.61,-1.36,-0.12,6.36,35.54,144.66,301.08,4.13,3.59,1.02,0.42,,2.87
SO,1672.0,0.23,0,117.0,132.0,-3.0,14.7,2.41,3.43,5.98,17.44,34.93,73.83,8.33,6.21,0.99,1.52,,2.586
SOL,757.0,0.44,0.15,91.0,137.0,262.0,8.36,3.88,8.64,12.94,46.95,122.51,83.28,9.88,1.66,2.31,0.68,,10.6
SCM,8.0,-0.17,0,2.0,,3.0,-8.04,-5.89,-239.76,0.59,71.18,154.47,20.17,,73.79,4.46,0.15,,9.2
SOM,107.0,0.3,0,7.0,2.0,-11.0,16.48,1.45,,3.99,8.81,190.69,134.53,3.64,22.92,0.9,0.99,,17.520000500000002
SOS,,0.01,0,7.0,,,7.03,5.56,,804.61,79.08,182.78,88.96,,92.49,8.28,,,3.0
SPTV,,-0.06,0,9.0,,91.0,-0.61,-0.6,,,99.24,,528.52,,0.05,130.08,,,9.7
SBUX,,,0,1394.0,,,136.51,23.46,34.94,8.0,4.84,11.54,20.61,12.56,4.56,2.2,7.77,,65.199997
STM,,,0,911.0,,,21.88,12.53,26.72,13.59,58.87,45.81,58.94,4.01,2.93,2.76,0.28,14.47,16.110001
TIP,7.0,0.46,0.07,157.0,-50.0,,13.69,9.61,12.19,0.29,77.11,42.29,9.95,,48.97,1.0,0.21,,5.9
TAS,61.0,-0.02,0,77.0,2.0,9.0,-6.04,-2.3,-2.05,12.76,33.61,154.92,171.02,7.67,28.55,1.24,0.26,,1.798
EDGE,164.0,0.41,0,24.0,12.0,37.0,20.06,9.06,10.7,1.68,44.21,110.52,29.21,44.86,80.27,1.75,0.35,,4.6
TGYM,598.0,0.3,0.07,201.0,86.0,25.0,55.47,12.77,63.5,4.19,26.76,64.43,131.48,5.07,4.23,1.1,0.63,,9.6
TIT,19828.0,0.05,0,22167.0,5399.0,-2057.0,5.24,1.61,2.21,26.8,32.39,68.96,258.6,27.6,1.21,0.83,1.21,,0.6594
TITR,19828.0,0.05,0.03,22167.0,5399.0,-2057.0,5.24,1.61,2.21,26.8,32.39,68.96,258.6,27.6,1.21,0.83,1.21,,0.57
TEF,48693.0,0.57,0.4,5127.0,,-6309.0,16.8,2.56,3.07,17.63,17.09,61.23,302.37,9.98,1.44,0.79,2.4,,7.208
TLS,5.0,0.34,0,2.0,2.0,2.0,10.19,5.85,,,64.97,386.06,635.13,14.17,6.58,1.57,,,5.78
TEN,,,0,1181.0,,,4.78,3.84,16.79,10.45,80.3,74.84,64.76,1.87,0.86,2.6,,,14.2
TRN,2190.0,0.34,0.21,2013.0,1692.0,-353.0,18.76,4.18,13.17,41.32,22.52,225.77,2561.22,27.24,0.17,0.91,2.28,,4.749
TSLA,,,0,171.0,,,-21.31,-3.34,-0.52,10.81,17.03,12.45,60.71,6.48,1.07,0.83,2.25,6.8,247.5
TES,176.0,-0.13,0,102.0,27.0,16.0,-3.13,-0.61,0.56,12.9,18.62,92.82,164.37,1.19,3.76,1.11,0.93,,0.505
TKA,34777.0,-0.1,0.15,623.0,1184.0,2633.0,0.28,0.02,1.58,2.66,8.4,59.11,67.23,4.93,5.61,1.13,1.81,0.74,12.815
TNXT,181.0,0.43,0.09,47.0,32.0,23.0,14.82,5.53,25.12,3.58,36.32,115.34,72.31,74.43,23.61,1.22,0.55,,6.28
TIS,208.0,-0.01,0,3982.0,-12.0,-319.0,,0.28,-6.54,31.03,-42.62,74.57,405.25,797.75,1.7,0.17,,,0.0239
TTT,3.0,,0,135.0,-3.0,-1.0,,11.04,724.32,,9.67,3.99,14112.15,,7237.25,0.6,,,0.0844
TOD,983.0,2.15,1.7,33.0,148.0,436.0,6.53,4.45,61.22,3.65,68.59,41.9,88.18,1.98,4.7,2.58,0.14,,58.75
TYA,136.0,0.56,0.49,19.0,11.0,-22.0,9.36,4.33,25.13,12.8,45.5,58.73,90.91,,5.21,0.7,0.29,,14.9
TOT,,,0,2624.0,,,10.08,4.58,13.78,9.28,45.48,31.88,68.68,8.9,1.65,1.28,0.34,,47.810001
TPS,19.0,0.36,0,6.0,2.0,7.0,41.15,15.99,63.63,10.41,45.11,153.99,51.07,,24.65,2.0,,,4.27
TWL,29.0,3.06,1.86,1.0,2.0,-1.0,13.14,7.18,5.85,6.1,62.46,5.85,97.68,22.25,6.9,0.86,0.09,,97.410896
TFI,906.0,-263.5,0,2.0,-67.0,-269.0,-183.83,-29.67,-14.11,5.11,-0.12,142.19,189.87,1.62,2.6,0.75,,,30.200001
TB,65.0,0.04,0.07,29.0,7.0,-3.0,2.81,1.18,12.78,11.92,35.84,167.51,723.44,61.58,18.33,0.93,0.26,,1.995
TRIP,,,0,140.0,,,7.97,5.09,15.42,3.78,67.88,49.16,48.81,,6.26,2.33,0.06,,40.110001000000004
TXT,36.0,5.86,0.3,12.0,,96.0,102.19,75.84,,1.85,84.45,195.58,97.27,1.96,29.98,8.04,,,9.8
UBI,4186.0,0.34,0.11,1140.0,418.0,,4.12,0.31,,7.78,7.32,,,,2.38,,2.79,,2.533
U24,,,0,3.0,,,,,,,98.18,,,,,0.06,,,
UCG,20674.0,1.8,0.32,2229.0,-30960.0,,6.6,0.46,,7.63,6.72,,,,3.15,,1.45,,10.826
UNIR,1874.0,0.55,1.0,20.0,80.0,-157.0,13.51,1.61,2.47,1.99,10.42,7.28,90.18,5.18,27.63,0.73,0.58,,11.4
UNI,13848.0,0.56,0.18,714.0,2935.0,,7.63,0.48,7.96,0.95,6.6,,,,7.37,,0.84,,4.536
US,13268.0,0.33,0.14,2779.0,340.0,,16.0,1.35,13.54,1.24,8.26,,,,7.51,,0.47,,2.355
VLS,112.0,0.66,0.33,11.0,11.0,19.0,11.83,8.6,58.77,1.24,72.34,48.22,109.72,7.71,10.74,1.9,0.01,,15.0
VTY,59.0,0.37,0,7.0,14.0,10.0,17.01,4.74,20.1,5.66,37.24,175.49,116.13,3527.51,10.95,1.36,0.2,,7.3
VIA,33.0,0.06,0.05,30.0,-41.0,175.0,1.86,0.41,1.03,0.14,27.22,105.6,311.24,0.04,9.86,9.71,2.38,,1.275
VIM,49.0,0.12,0,13.0,5.0,2.0,21.5,6.39,11.45,7.67,24.08,96.35,112.99,4.52,4.17,1.1,0.89,,3.139
DG,44354.0,5.32,2.51,560.0,5141.0,-2426.0,16.13,4.11,8.73,4.69,25.67,80.11,160.59,16.76,9.07,0.92,1.02,,89.900002
VE,4.0,-1.07,0,,,-1.0,-88.36,-6.02,-2.08,20.93,9.24,31.47,214.4,,77.0,0.81,2.77,,4.49719
VIV,13932.0,0.1,0.45,1268.0,1187.0,1164.0,0.73,0.37,9.03,2.52,50.65,117.5,235.9,39.78,14.54,1.11,0.2,,24.92
VOW3,235849.0,23.57,3.96,501.0,7272.0,15568.0,10.47,2.69,11.1,8.04,25.58,107.25,44.93,4.41,2.41,1.09,0.86,,150.940002
VNA,2183.0,4.48,1.32,506.0,1133.0,-2397.0,12.96,5.22,11.04,,38.85,60.84,330.02,1.27,10.2,0.42,0.93,,45.060001
ZV,270.0,0.46,0.25,87.0,56.0,57.0,23.94,9.16,33.03,21.41,39.44,82.87,133.57,1.98,1.61,1.43,0.7,,8.23
ZUC,77.0,0.1,0,25.0,-5.0,-45.0,,3.76,82.98,1.02,-22.17,112.06,106.8,1.62,2.38,0.58,,,2.26
